Workbook

Sheet Overview
A1: CAN-LIN Gateway Project | Requirements Specification V0.5 — Matrix Reference-Only + Window Local Timeout Trace
A2: Handbook v1.0 + SYS-ARCH-SPEC-001 v1.0 + D-07 v0.9 + Message Definition v0.4 기준 | CAN/LIN Matrix는 참고용
A4: Workbook purpose | B4: 요구사항 ID, 근거, 검증 방법, Capella 추적 키와 Freeze Decision을 한 곳에서 관리 | E4: 작성 및 검토 방법 (V0.4)
A5: Source baseline | B5: CAN-LIN Gateway Handbook v1.0 / SYS-ARCH-SPEC-001 v1.0 / D-07 v0.9 / Capella 모델 | E5: 1. 기존 V0.4 Freeze 결정을 유지하고, SYS_REQ_059를 append-only로 추가하여 Window_Command Local Timeout의 Requirement Trace를 완성합니다.
A6: Requirements | B6: 59 | E6: 2. SYS_REQ ID는 변경하지 않으며 신규 ID는 append-only로 추가합니다.
A7: Draft / Baseline | B7: =COUNTIF(Requirements!M6:M64,"Draft") | E7: 3. SF/SE/PD/Exchange/SCN은 Capella 및 시험 산출물의 추적 키입니다.
A8: Frozen | B8: =COUNTIF(Requirements!M6:M64,"Frozen") | E8: 4. Frozen은 Requirements-level 설계 결정 완료를 의미합니다. CAN/LIN Interface 변경은 별도 상대 담당자 리뷰 필요입니다.
A9: Needs review | B9: =COUNTIF(Requirements!M6:M64,"Needs review") | E9: 5. CAN/LIN Matrix는 참고용이며 Requirement / Message Definition Baseline을 덮어쓰지 않습니다.
A10: Traceability rule | B10: SYS_REQ → SF → SE/PD → Exchange/Interface → SCN/Evidence | E10: 6. V0.5 기준값은 메시지 정의서 v0.4 Team Decision과 D-07/Architecture 책임 경계를 반영합니다.
E11: 7. CAN/LIN Interface 변경은 Jira → 기준 산출물(요구사항/메시지 정의서) 갱신 → 상대 담당자 리뷰 필요 → DBC/LDF/FW/Test/Evidence 순으로 반영합니다. Matrix는 필요 시 참고용으로 동기화합니다.
A12: Category | B12: Count | C12: Meaning
A13: Functional | B13: =COUNTIF(Requirements!B6:B64,A13) | C13: 시스템이 제공해야 하는 기능
A14: Network Communication | B14: =COUNTIF(Requirements!B6:B64,A14) | C14: CAN/LIN 속도·토폴로지·스케줄
A15: Gateway | B15: =COUNTIF(Requirements!B6:B64,A15) | C15: Gateway routing 및 통신 책임
A16: Fault / Health | B16: =COUNTIF(Requirements!B6:B64,A16) | C16: 감시·timeout·fault·recovery
A17: Diagnostic | B17: =COUNTIF(Requirements!B6:B64,A17) | C17: PC Tool과 진단·로깅·주입
A18: Verification / Test | B18: =COUNTIF(Requirements!B6:B64,A18) | C18: 반복 가능 시험과 측정 증거
A19: Scope / Constraint | B19: =COUNTIF(Requirements!B6:B64,A19) | C19: 범위·제외·stretch goal
A20: Added Baseline | B20: =COUNTIF(Requirements!B6:B64,A20) | C20: D-07·Window·Physical HW 추가 기준
A22: Traceability Status | B22: Count | C22: Meaning
A23: Traceable | B23: =COUNTIF(Traceability!I6:I64,"Traceable") | C23: 필수 추적 키와 검증 증거 유형이 연결됨
A24: Open / TBD | B24: =COUNTIF(Traceability!I6:I64,"Open / TBD") | C24: Requirement-level 미결정 또는 후속 Freeze가 필요한 항목
A25: Needs mapping | B25: =COUNTIF(Traceability!I6:I64,"Needs mapping") | C25: 필수 추적 키 또는 Verification 연결 누락

Sheet Requirements
A1: System Requirements Register V0.5 — Matrix Reference-Only + Window Local Timeout Trace
A2: 기존 V0.4 Freeze를 유지하고 SYS_REQ_059를 append-only 추가. CAN/LIN Matrix는 reference-only이며 02 메시지 정의서 + 05 요구사항이 Baseline.
A4: Editable working register | Frozen=요구사항 수준 설계 결정 완료; Interface 변경 승인/검증은 별도 Gate에서 추적.
A5: Requirement ID | B5: Category | C5: System Requirement | D5: Verification / Evidence | E5: Basis | F5: Source Section | G5: Related Function(s) | H5: Logical Component(s) | I5: Physical Element(s) | J5: Exchange / Interface | K5: Scenario(s) | L5: Review Flag | M5: Status | N5: Notes
A6: SYS_REQ_001 | B6: Functional | C6: 시스템은 차량 제어 ECU 간에 차량 제어 및 상태 정보를 CAN Network를 통해 전달할 수 있어야 한다. | D6: CAN raw/decode 및 E2E capture | E6: [HB] | F6: Section 3A | G6: SF_07 CAN Communication | H6: SE_01 VCU ECU; SE_02 Motor ECU; SE_03 Gateway ECU; SE_04 Cluster ECU | I6: N/A — no direct physical element allocation at system-requirement level | J6: CAN Bus; CE_CAN_VCU_Gateway; CE_CAN_Motor_Gateway; CE_CAN_Gateway_Cluster | K6: SCN-01 | L6: Baseline | M6: Draft | N6: 원본 사양서 문구를 기준으로 작성
A7: SYS_REQ_002 | B7: Functional | C7: 시스템은 Gateway ECU를 통해 CAN Network와 LIN Network 사이의 정보를 전달할 수 있어야 한다. | D7: CAN-LIN 양방향 routing capture | E7: [HB] | F7: Section 3A | G7: SF_09 CAN-LIN Signal Routing | H7: SE_03 Gateway ECU | I7: N/A — routing behavior; physical allocation is indirect | J7: CE_CAN_VCU_Gateway; CE_CAN_Motor_Gateway; CE_CAN_Gateway_Cluster; CE_LIN_Gateway_Door; CE_LIN_Gateway_Light; CE_LIN_Gateway_Window | K7: SCN-03; SCN-04; SCN-09 | L7: Baseline | M7: Draft | N7: 원본 사양서 문구를 기준으로 작성
A8: SYS_REQ_003 | B8: Functional | C8: 시스템은 운전자 입력을 기반으로 차량 제어 상태와 Motor 제어 요청을 생성할 수 있어야 한다. | D8: VCU state/command test | E8: [HB] | F8: Section 3A | G8: SF_01 Vehicle Control | H8: SE_01 VCU ECU | I8: N/A — control logic requirement | J8: CAN Bus / VCU_Command | K8: SCN-01 | L8: Baseline | M8: Draft | N8: 원본 사양서 문구를 기준으로 작성
A9: SYS_REQ_004 | B9: Functional | C9: 시스템은 Motor 제어 요청에 따라 Virtual Motor 상태를 생성하고 이를 시스템에 제공할 수 있어야 한다. | D9: TorqueRequest -> RPM -> Motor_Status | E9: [HB] | F9: Section 3A | G9: SF_02 Virtual Motor Control | H9: SE_02 Motor ECU | I9: N/A — virtual model requirement; physical demonstrator is covered separately | J9: CAN Bus / Motor_Status; CE_CAN_Motor_Gateway | K9: SCN-01; SCN-02 | L9: Baseline | M9: Draft | N9: 원본 사양서 문구를 기준으로 작성
A10: SYS_REQ_005 | B10: Functional | C10: 시스템은 LIN Network를 통해 Door ECU를 제어하고 Door 상태를 수집할 수 있어야 한다. | D10: Door command/status LIN capture | E10: [HB] | F10: Section 3A | G10: SF_03 Door Control; SF_08 LIN Communication | H10: SE_03 Gateway ECU; SE_05 Door ECU | I10: N/A — Door control behavior; PD allocation is covered by device requirements | J10: CE_LIN_Gateway_Door; Door_Command; Door_Status | K10: SCN-04; SCN-06 | L10: Baseline | M10: Draft | N10: 원본 사양서 문구를 기준으로 작성
A11: SYS_REQ_006 | B11: Functional | C11: 시스템은 LIN Network를 통해 Light ECU를 제어하고 Light 상태를 수집할 수 있어야 한다. | D11: Light command/status and output | E11: [HB] | F11: Section 3A | G11: SF_04 Light Control; SF_08 LIN Communication | H11: SE_03 Gateway ECU; SE_06 Light ECU | I11: N/A — Light control behavior; PD allocation is covered by device requirements | J11: CE_LIN_Gateway_Light; Light_Command; Light_Status | K11: SCN-03 | L11: Baseline | M11: Draft | N11: 원본 사양서 문구를 기준으로 작성
A12: SYS_REQ_007 | B12: Functional | C12: 시스템은 차량, Motor, Body 상태를 Cluster를 통해 표시할 수 있어야 한다. | D12: Cluster display evidence | E12: [HB] | F12: Section 3A | G12: SF_06 Vehicle / Body Status Display | H12: SE_04 Cluster ECU | I12: N/A — display function; display hardware is covered by SYS_REQ_049 | J12: CE_CAN_Gateway_Cluster; Vehicle_Status; Body_Status; Fault_Status | K12: SCN-01; SCN-03; SCN-04; SCN-07; SCN-09 | L12: Baseline | M12: Draft | N12: 원본 사양서 문구를 기준으로 작성
A13: SYS_REQ_008 | B13: Functional | C13: 시스템은 CAN과 LIN 사이에서 Signal의 의미를 유지하면서 필요한 정보를 Routing할 수 있어야 한다. | D13: Routing table and decoded value | E13: [HB] | F13: Section 3A | G13: SF_09 CAN-LIN Signal Routing | H13: SE_03 Gateway ECU | I13: N/A — routing behavior; physical allocation is indirect | J13: CAN↔LIN routing exchanges; CE_CAN_VCU_Gateway; CE_LIN_Gateway_Door/Light/Window; CE_CAN_Gateway_Cluster | K13: SCN-03; SCN-04; SCN-09 | L13: Baseline | M13: Draft | N13: 원본 사양서 문구를 기준으로 작성
A14: SYS_REQ_009 | B14: Network Communication | C14: CAN Network는 500 kbps로 동작해야 한다. | D14: CAN configuration and capture | E14: [HB] | F14: Section 3B | G14: SF_07 CAN Communication | H14: SE_01 VCU ECU; SE_02 Motor ECU; SE_03 Gateway ECU; SE_04 Cluster ECU | I14: CAN Bus; VCU/Motor/Gateway/Cluster physical nodes (PA) | J14: CAN Bus / 500 kbps | K14: SCN-01 | L14: Baseline | M14: Draft | N14: 원본 사양서 문구를 기준으로 작성
A15: SYS_REQ_010 | B15: Network Communication | C15: LIN Network는 19.2 kbps로 동작해야 한다. | D15: LIN waveform and timing | E15: [HB] | F15: Section 3B | G15: SF_08 LIN Communication | H15: SE_03 Gateway ECU; SE_05 Door ECU; SE_06 Light ECU; SE_08 Window ECU | I15: LIN Bus; Gateway LIN Master Interface; Door/Light/Window physical nodes (PA) | J15: LIN Bus / 19.2 kbps | K15: SCN-03; SCN-04; SCN-06; SCN-09 | L15: Baseline | M15: Draft | N15: 원본 사양서 문구를 기준으로 작성
A16: SYS_REQ_011 | B16: Network Communication | C16: CAN Network에는 VCU ECU, Motor ECU, Gateway ECU, Cluster ECU가 참여해야 한다. | D16: CAN topology and node evidence | E16: [HB] | F16: Section 3B | G16: SF_07 CAN Communication | H16: SE_01 VCU ECU; SE_02 Motor ECU; SE_03 Gateway ECU; SE_04 Cluster ECU | I16: CAN Bus; VCU/Motor/Gateway/Cluster physical nodes (PA) | J16: CAN Bus / node topology | K16: SCN-01 | L16: Baseline | M16: Draft | N16: 원본 사양서 문구를 기준으로 작성
... A64: SYS_REQ_059 | B64: Added Baseline | C64: Window ECU는 유효한 Window_Command의 수신 상태를 자체 감시하고, 하위 Window SW 설계에서 정의한 Local Command Timeout을 초과하여 미수신될 경우 Gateway의 별도 Fail-safe 명령을 기다리지 않고 Window Motor를 STOP 상태로 전환해야 한다. | D64: Window_Command 송신 중단 Fault Injection → 설정된 Local Command Timeout 만료 후 Window Motor STOP 확인 + 하위 Window SW timeout parameter trace | E64: [TEAM] | F64: Message Definition v0.4 / POL-009 | G64: SF_13 Fail-safe Control; SF_19 Window Control | H64: SE_08 Window ECU | I64: PD_08A Window H-Bridge; PD_08B Window DC Gear Motor | J64: Window_Command PID 0x14 / 100 ms; Window ECU local command freshness monitor | K64: Window command-loss local safe-stop test | L64: Frozen Team Decision / Window SW 상세 timeout parameter 리뷰 필요; LIN Interface 변경 시 상대 담당자 리뷰 필요 | M64: Frozen | N64: Requirement-level 동작은 Freeze. Local Command Timeout의 정량값은 System Requirement에서 임의 생성하지 않고 하위 Window SW 상세 요구사항에서 정의·추적합니다. POL-005 Window_Status Offline과 분리된 Local fail-safe 정책입니다.

Sheet Traceability
A1: Traceability Matrix V0.5 — Matrix Reference-Only + Window Local Timeout Trace
A2: Trace chain: SYS_REQ → SF → SE/PD → Exchange/Interface → SCN/Evidence. Frozen decision rows are mapped as traceable; only actual TBD/OPEN remains Open/TBD.
A5: Requirement ID | B5: Requirement | C5: SF / System Function | D5: SE / Logical Component | E5: PD / Physical Element | F5: Exchange / Interface | G5: Scenario | H5: Verification Evidence | I5: Traceability Status | J5: Review Note
A6: SYS_REQ_001 | B6: 시스템은 차량 제어 ECU 간에 차량 제어 및 상태 정보를 CAN Network를 통해 전달할 수 있어야 한다. | C6: SF_07 CAN Communication | D6: SE_01 VCU ECU; SE_02 Motor ECU; SE_03 Gateway ECU; SE_04 Cluster ECU | E6: N/A — no direct physical element allocation at system-requirement level | F6: CAN Bus; CE_CAN_VCU_Gateway; CE_CAN_Motor_Gateway; CE_CAN_Gateway_Cluster | G6: SCN-01 | H6: CAN raw/decode 및 E2E capture | I6: =IF(OR(C6="",D6="",F6="",G6="",H6=""),"Needs mapping",IF(OR(Requirements!M6="Needs review",COUNTIF(E6:H6,"*TBD*")>0,COUNTIF(E6:H6,"*OPEN*")>0,COUNTIF(E6:H6,"*pending*")>0),"Open / TBD","Traceable")) | J6: Baseline | Draft | 원본 사양서 문구를 기준으로 작성
A7: SYS_REQ_002 | B7: 시스템은 Gateway ECU를 통해 CAN Network와 LIN Network 사이의 정보를 전달할 수 있어야 한다. | C7: SF_09 CAN-LIN Signal Routing | D7: SE_03 Gateway ECU | E7: N/A — routing behavior; physical allocation is indirect | F7: CE_CAN_VCU_Gateway; CE_CAN_Motor_Gateway; CE_CAN_Gateway_Cluster; CE_LIN_Gateway_Door; CE_LIN_Gateway_Light; CE_LIN_Gateway_Window | G7: SCN-03; SCN-04; SCN-09 | H7: CAN-LIN 양방향 routing capture | I7: =IF(OR(C7="",D7="",F7="",G7="",H7=""),"Needs mapping",IF(OR(Requirements!M7="Needs review",COUNTIF(E7:H7,"*TBD*")>0,COUNTIF(E7:H7,"*OPEN*")>0,COUNTIF(E7:H7,"*pending*")>0),"Open / TBD","Traceable")) | J7: Baseline | Draft | 원본 사양서 문구를 기준으로 작성
A8: SYS_REQ_003 | B8: 시스템은 운전자 입력을 기반으로 차량 제어 상태와 Motor 제어 요청을 생성할 수 있어야 한다. | C8: SF_01 Vehicle Control | D8: SE_01 VCU ECU | E8: N/A — control logic requirement | F8: CAN Bus / VCU_Command | G8: SCN-01 | H8: VCU state/command test | I8: =IF(OR(C8="",D8="",F8="",G8="",H8=""),"Needs mapping",IF(OR(Requirements!M8="Needs review",COUNTIF(E8:H8,"*TBD*")>0,COUNTIF(E8:H8,"*OPEN*")>0,COUNTIF(E8:H8,"*pending*")>0),"Open / TBD","Traceable")) | J8: Baseline | Draft | 원본 사양서 문구를 기준으로 작성
A9: SYS_REQ_004 | B9: 시스템은 Motor 제어 요청에 따라 Virtual Motor 상태를 생성하고 이를 시스템에 제공할 수 있어야 한다. | C9: SF_02 Virtual Motor Control | D9: SE_02 Motor ECU | E9: N/A — virtual model requirement; physical demonstrator is covered separately | F9: CAN Bus / Motor_Status; CE_CAN_Motor_Gateway | G9: SCN-01; SCN-02 | H9: TorqueRequest -> RPM -> Motor_Status | I9: =IF(OR(C9="",D9="",F9="",G9="",H9=""),"Needs mapping",IF(OR(Requirements!M9="Needs review",COUNTIF(E9:H9,"*TBD*")>0,COUNTIF(E9:H9,"*OPEN*")>0,COUNTIF(E9:H9,"*pending*")>0),"Open / TBD","Traceable")) | J9: Baseline | Draft | 원본 사양서 문구를 기준으로 작성
A10: SYS_REQ_005 | B10: 시스템은 LIN Network를 통해 Door ECU를 제어하고 Door 상태를 수집할 수 있어야 한다. | C10: SF_03 Door Control; SF_08 LIN Communication | D10: SE_03 Gateway ECU; SE_05 Door ECU | E10: N/A — Door control behavior; PD allocation is covered by device requirements | F10: CE_LIN_Gateway_Door; Door_Command; Door_Status | G10: SCN-04; SCN-06 | H10: Door command/status LIN capture | I10: =IF(OR(C10="",D10="",F10="",G10="",H10=""),"Needs mapping",IF(OR(Requirements!M10="Needs review",COUNTIF(E10:H10,"*TBD*")>0,COUNTIF(E10:H10,"*OPEN*")>0,COUNTIF(E10:H10,"*pending*")>0),"Open / TBD","Traceable")) | J10: Baseline | Draft | 원본 사양서 문구를 기준으로 작성
A11: SYS_REQ_006 | B11: 시스템은 LIN Network를 통해 Light ECU를 제어하고 Light 상태를 수집할 수 있어야 한다. | C11: SF_04 Light Control; SF_08 LIN Communication | D11: SE_03 Gateway ECU; SE_06 Light ECU | E11: N/A — Light control behavior; PD allocation is covered by device requirements | F11: CE_LIN_Gateway_Light; Light_Command; Light_Status | G11: SCN-03 | H11: Light command/status and output | I11: =IF(OR(C11="",D11="",F11="",G11="",H11=""),"Needs mapping",IF(OR(Requirements!M11="Needs review",COUNTIF(E11:H11,"*TBD*")>0,COUNTIF(E11:H11,"*OPEN*")>0,COUNTIF(E11:H11,"*pending*")>0),"Open / TBD","Traceable")) | J11: Baseline | Draft | 원본 사양서 문구를 기준으로 작성
A12: SYS_REQ_007 | B12: 시스템은 차량, Motor, Body 상태를 Cluster를 통해 표시할 수 있어야 한다. | C12: SF_06 Vehicle / Body Status Display | D12: SE_04 Cluster ECU | E12: N/A — display function; display hardware is covered by SYS_REQ_049 | F12: CE_CAN_Gateway_Cluster; Vehicle_Status; Body_Status; Fault_Status | G12: SCN-01; SCN-03; SCN-04; SCN-07; SCN-09 | H12: Cluster display evidence | I12: =IF(OR(C12="",D12="",F12="",G12="",H12=""),"Needs mapping",IF(OR(Requirements!M12="Needs review",COUNTIF(E12:H12,"*TBD*")>0,COUNTIF(E12:H12,"*OPEN*")>0,COUNTIF(E12:H12,"*pending*")>0),"Open / TBD","Traceable")) | J12: Baseline | Draft | 원본 사양서 문구를 기준으로 작성
A13: SYS_REQ_008 | B13: 시스템은 CAN과 LIN 사이에서 Signal의 의미를 유지하면서 필요한 정보를 Routing할 수 있어야 한다. | C13: SF_09 CAN-LIN Signal Routing | D13: SE_03 Gateway ECU | E13: N/A — routing behavior; physical allocation is indirect | F13: CAN↔LIN routing exchanges; CE_CAN_VCU_Gateway; CE_LIN_Gateway_Door/Light/Window; CE_CAN_Gateway_Cluster | G13: SCN-03; SCN-04; SCN-09 | H13: Routing table and decoded value | I13: =IF(OR(C13="",D13="",F13="",G13="",H13=""),"Needs mapping",IF(OR(Requirements!M13="Needs review",COUNTIF(E13:H13,"*TBD*")>0,COUNTIF(E13:H13,"*OPEN*")>0,COUNTIF(E13:H13,"*pending*")>0),"Open / TBD","Traceable")) | J13: Baseline | Draft | 원본 사양서 문구를 기준으로 작성
A14: SYS_REQ_009 | B14: CAN Network는 500 kbps로 동작해야 한다. | C14: SF_07 CAN Communication | D14: SE_01 VCU ECU; SE_02 Motor ECU; SE_03 Gateway ECU; SE_04 Cluster ECU | E14: CAN Bus; VCU/Motor/Gateway/Cluster physical nodes (PA) | F14: CAN Bus / 500 kbps | G14: SCN-01 | H14: CAN configuration and capture | I14: =IF(OR(C14="",D14="",F14="",G14="",H14=""),"Needs mapping",IF(OR(Requirements!M14="Needs review",COUNTIF(E14:H14,"*TBD*")>0,COUNTIF(E14:H14,"*OPEN*")>0,COUNTIF(E14:H14,"*pending*")>0),"Open / TBD","Traceable")) | J14: Baseline | Draft | 원본 사양서 문구를 기준으로 작성
A15: SYS_REQ_010 | B15: LIN Network는 19.2 kbps로 동작해야 한다. | C15: SF_08 LIN Communication | D15: SE_03 Gateway ECU; SE_05 Door ECU; SE_06 Light ECU; SE_08 Window ECU | E15: LIN Bus; Gateway LIN Master Interface; Door/Light/Window physical nodes (PA) | F15: LIN Bus / 19.2 kbps | G15: SCN-03; SCN-04; SCN-06; SCN-09 | H15: LIN waveform and timing | I15: =IF(OR(C15="",D15="",F15="",G15="",H15=""),"Needs mapping",IF(OR(Requirements!M15="Needs review",COUNTIF(E15:H15,"*TBD*")>0,COUNTIF(E15:H15,"*OPEN*")>0,COUNTIF(E15:H15,"*pending*")>0),"Open / TBD","Traceable")) | J15: Baseline | Draft | 원본 사양서 문구를 기준으로 작성
A16: SYS_REQ_011 | B16: CAN Network에는 VCU ECU, Motor ECU, Gateway ECU, Cluster ECU가 참여해야 한다. | C16: SF_07 CAN Communication | D16: SE_01 VCU ECU; SE_02 Motor ECU; SE_03 Gateway ECU; SE_04 Cluster ECU | E16: CAN Bus; VCU/Motor/Gateway/Cluster physical nodes (PA) | F16: CAN Bus / node topology | G16: SCN-01 | H16: CAN topology and node evidence | I16: =IF(OR(C16="",D16="",F16="",G16="",H16=""),"Needs mapping",IF(OR(Requirements!M16="Needs review",COUNTIF(E16:H16,"*TBD*")>0,COUNTIF(E16:H16,"*OPEN*")>0,COUNTIF(E16:H16,"*pending*")>0),"Open / TBD","Traceable")) | J16: Baseline | Draft | 원본 사양서 문구를 기준으로 작성
A17: SYS_REQ_012 | B17: Gateway ECU는 LIN Master로 동작하고 Door ECU, Light ECU, Window ECU는 LIN Slave로 동작해야 한다. | C17: SF_08 LIN Communication | D17: SE_03 Gateway ECU; SE_05 Door ECU; SE_06 Light ECU; SE_08 Window ECU | E17: LIN Bus; Gateway/Door/Light/Window physical nodes (PA) | F17: LIN Bus; CE_LIN_Gateway_Door; CE_LIN_Gateway_Light; CE_LIN_Gateway_Window | G17: SCN-03; SCN-04; SCN-06; SCN-09 | H17: LIN topology and response capture | I17: =IF(OR(C17="",D17="",F17="",G17="",H17=""),"Needs mapping",IF(OR(Requirements!M17="Needs review",COUNTIF(E17:H17,"*TBD*")>0,COUNTIF(E17:H17,"*OPEN*")>0,COUNTIF(E17:H17,"*pending*")>0),"Open / TBD","Traceable")) | J17: Team baseline | Draft | V0.3: SYS-ARCH-SPEC-001 v1.0 Baseline 문구 복원. 세부 설명은 Allocation/Interface/Review 항목으로 분리.
... A64: SYS_REQ_059 | B64: Window ECU는 유효한 Window_Command의 수신 상태를 자체 감시하고, 하위 Window SW 설계에서 정의한 Local Command Timeout을 초과하여 미수신될 경우 Gateway의 별도 Fail-safe 명령을 기다리지 않고 Window Motor를 STOP 상태로 전환해야 한다. | C64: SF_13 Fail-safe Control; SF_19 Window Control | D64: SE_08 Window ECU | E64: PD_08A Window H-Bridge; PD_08B Window DC Gear Motor | F64: Window_Command PID 0x14 / 100 ms; Window ECU local command freshness monitor; POL-009 | G64: Window command-loss local safe-stop test | H64: Window_Command 송신 중단 Fault Injection → 설정된 Local Command Timeout 만료 후 Motor STOP 확인 + 하위 Window SW timeout parameter trace | I64: =IF(OR(C64="",D64="",F64="",G64="",H64=""),"Needs mapping",IF(OR(Requirements!M64="Needs review",COUNTIF(E64:H64,"*TBD*")>0,COUNTIF(E64:H64,"*OPEN*")>0,COUNTIF(E64:H64,"*pending*")>0),"Open / TBD","Traceable")) | J64: Frozen Team Decision | Frozen | Local timeout behavior traced to POL-009; numeric threshold delegated to lower-level Window SW requirement.

Sheet Open_Decisions
A1: Decision / Freeze Register V0.5
A2: V0.4 Freeze 유지 + Window_Command Local Timeout Requirement Trace 추가. Matrix는 reference-only.
A4: Decision ID | B4: Decision / Freeze Result | C4: Affected Requirement(s) | D4: Impact | E4: Decision / Required review | F4: Status
A5: OPN-01 | B5: Fault_Status 0x310 Event를 사용. Byte0=FaultCode[7:0], Byte1=ECUOffline[3:0]+RecoveryState[4]+SystemState[6:5]+Reserved[7]. ACTIVE↔CLEARED 전이당 1 Fault Event로 전송. | C5: SYS_REQ_018; 025; 030; 050; 052; 056; 058 | D5: Gateway / Cluster / PC / Test / CAN Interface | E5: Message Definition v0.3 Team Encoding 채택 / CAN Interface 변경 시 상대 담당자 리뷰 필요 | F5: RESOLVED
A6: OPN-02 | B6: Representative SystemState는 Fault_Status.SystemState에 포함. Gateway_Status에는 별도 SystemState Signal을 두지 않음. Vehicle_Status.NetworkState에는 대표 상태를 반영 가능. | C6: SYS_REQ_050; 052; 058 | D6: Fault_Status / Vehicle_Status / Cluster / PC | E6: SystemState: 0 NORMAL, 1 DEGRADED, 2 OFFLINE, 3 FAIL_SAFE / 상대 담당자 리뷰 필요 | F6: RESOLVED
A7: OPN-03 | B7: Alive Error Criticality: VCU_Command=Critical→FAIL_SAFE. Motor_Status, Door_Status, Light_Status, Window_Status, Gateway_Status=Non-critical→DEGRADED. | C7: SYS_REQ_022; 052 | D7: Fault State / Motor / VCU / Gateway | E7: Message Definition v0.3 Team Classification 채택 / VCU + Motor + Gateway 리뷰 필요 | F7: RESOLVED
A8: OPN-04 | B8: QUEUE_DROP recovery = Queue full 해소 + 추가 Drop 없음 + QueueUsage < 80%를 HealthTask에서 3회 연속 확인. | C8: SYS_REQ_053; 054 | D8: Gateway Queue / Health / KPI | E8: 80% 및 3회는 Team Decision / Gateway SW + Test 리뷰 필요 | F8: RESOLVED
A9: OPN-05 | B9: Fault History/Clear 및 UDS 연계는 MVP Requirement Freeze에서 제외. PC Tool의 Active Fault/History 표시·기록까지만 MVP. | C9: SYS_REQ_030; 031 | D9: PC Tool / Gateway / Stretch Goal | E9: M4/M5 이후 별도 Jira Issue에서 결정 | F9: DEFERRED
A10: OPN-06 | B10: VCU recovery는 Gateway와 Motor가 서로 독립적으로 정상 VCU_Command + Valid + Alive 3회 연속을 확인. Motor는 Gateway clear 명령을 기다리지 않고 local fail-safe를 해제하며 Gateway는 FaultManager에서 VCU_TIMEOUT을 CLEARED 처리. | C10: SYS_REQ_024; 026; 050; 051; 053 | D10: Gateway FaultManager / Motor Local Recovery | E10: 분산 책임 원칙 + D-07 3회 Recovery 기준 / Gateway + Motor 리뷰 필요 | F10: RESOLVED
A11: OPN-07 | B11: Window_Command PID 0x14, 1 byte, 100 ms, slot 10 ms, Enhanced checksum. Window_Status PID 0x15, 2 bytes, 100 ms, slot 30 ms, Enhanced checksum. BODY_10ms=10 ms slot/100 ms supercycle. | C11: SYS_REQ_043; 044; 057 | D11: LIN Interface / Routing / Window FW/Test | E11: Message Definition v0.3 Team Encoding 채택 / Gateway + Window + LIN Common 상대 담당자 리뷰 필요 | F11: RESOLVED
A12: OPN-08 | B12: Window_Status 100 ms 기준 2 cycle 연속 no response 시 WINDOW_ECU_OFFLINE/OFFLINE. 정상 Window_Status + WindowAlive 3회 연속 시 CLEARED. | C12: SYS_REQ_057 | D12: Gateway Health/Fault / Window | E12: Door 3-cycle과 분리된 Window Team Decision / Gateway + Window + Test 리뷰 필요 | F12: RESOLVED
A13: OPN-09 | B13: SYS_REQ_045~049의 Physical Device 구조/기능 경계는 Freeze. 전압·전류·PWM·pin map·최종 부품 전기 사양은 하위 HW/BOM 사양에서 확정하며 SYS_REQ Freeze를 차단하지 않음. | C13: SYS_REQ_045; 046; 047; 048; 049 | D13: PA / BOM / Pin map / HW Evidence | E13: HW/BOM 단계에서 실제 부품 사양 기준으로 확정 / ECU Owner + HW/Power 리뷰 필요 | F13: DEFERRED
A14: OPN-10 | B14: UDS/정식 진단은 MVP 제외 유지. M4/M5 통과 후 잔여 일정이 있을 때 최소 진단 시나리오를 Stretch Goal로 재검토. | C14: SYS_REQ_040 | D14: PC Tool / Gateway / Test | E14: M4/M5 이후 별도 Go/No-Go | F14: DEFERRED
A15: OPN-11 | B15: Window_Command Local Timeout은 Window ECU의 Local fail-safe 정책으로 분리. Window ECU가 유효 Window_Command 미수신을 자체 감시하고 하위 Window SW에서 정의한 Local Command Timeout 초과 시 Motor STOP. 별도 System Fault/Event mapping은 이 Requirement에서 추가하지 않음. | C15: SYS_REQ_059 | D15: Window SW / Local fail-safe / Test | E15: POL-009 + SYS_REQ_059로 Trace 확정. 정량 timeout 값은 하위 Window SW 상세 요구사항에서 정의·검증하며 System Requirement에서 임의 생성하지 않음. | F15: RESOLVED

Sheet Sources
A1: Sources and Modeling Notes | V0.5 Freeze
A3: Source ID | B3: Source / Artifact | C3: Location or Section | D3: How it is used
A4: HB | B4: CAN-LIN Gateway Handbook v1.0 | C4: Project standard / Sections 1~16 | D4: 프로젝트 수치, Gate/DoD, CAN/LIN, RTOS, Fault 및 변경관리의 기준 문서
A5: ARCH-SPEC | B5: System Architecture Specification v1.0 | C5: SYS-ARCH-SPEC-001 / Sections 3, 8, 10, 12, 13 | D5: SYS_REQ_001~058 Architecture Baseline 문구/검증/영향 기준. SYS_REQ_059는 Message Definition POL-009 기반 Team append-only 요구사항.
A6: D07 | B6: D-07 Fault Handling & Fail-safe v0.9 | C6: Decision Log / Open Items / Test Set | D6: Gateway Fault 관리·전파, ECU Local Fail-safe, Recovery, Queue, Critical deadline/event 결정
A7: CAPELLA | B7: CAN_LIN_Gateway_Capella_Diagrams.pdf | C7: OA / SA / LA / PA / Dynamic Scenarios | D7: SE/PD/Bus/Component Exchange 및 SCN 시각 모델 확인
A8: CAN-MATRIX-REF | B8: CAN_Matrix.xlsx | C8: Reference only | D8: 참고용 산출물. 본 Requirements Baseline을 덮어쓰는 기준으로 사용하지 않음
A9: LIN-MATRIX-REF | B9: LIN_Matrix.xlsx | C9: Reference only | D9: 참고용 산출물. 본 Requirements Baseline을 덮어쓰는 기준으로 사용하지 않음
A10: MSG-DEF | B10: 02__메시지_정의서_v0.4_정합.xlsx | C10: FIX Interface / POL-009 / 2026-09-30 | D10: V0.5 Freeze의 Window/Fault/Queue Team Decision 입력. Matrix는 참고용이며 DBC/LDF/FW/Test/Evidence는 02/05 기준에 동기화.
A11: SCENARIO | B11: Mandatory Dynamic Scenarios | C11: SYS-ARCH-SPEC-001 Section 10 / SCN-01~10 | D11: Scenario mapping, expected result, evidence type
A14: Important modeling / source boundary
A15: CAN/LIN Matrix는 참고용입니다. V0.5 Baseline은 Handbook/D-07/Architecture + 02 메시지 정의서 FIX + 본 Requirements를 기준으로 관리합니다. Interface 변경은 Jira → 기준 산출물(02/05) 갱신 → 상대 담당자 리뷰 필요 → DBC/LDF → Firmware/Tool/Test → Evidence 순으로 통제합니다. Matrix는 필요 시 참고용으로 동기화합니다.
