Workbook

Sheet 발주 요약
A1: FreeRTOS CAN-LIN Gateway 발주 리스트
A2: 기준일 | B2: 46283 | C2: 화폐 | D2: KRW
A4: 핵심 요약 | B4: 금액·건수 | C4: 프로젝트 기준 | D4: 핸드북 기준
A5: DeviceMart 견적 합계 (VAT 포함) | B5: ='발주 상세'!$E$34 -> 195250 | C5: CAN | D5: 500 kbps
A6: AliExpress 결제 예상액 | B6: =H21 -> 119664 | C6: LIN | D6: 19.2 kbps
A7: DigiKey 상품 예상액 (배송 제외) | B7: ='발주 상세'!$E$36 -> 182093.66
A8: 전체 예상 지출 | B8: =SUM(B5:B7) -> 497007.66 | C8: Motor 기준 | D8: Virtual Motor ECU
A9: 전체 발주 라인 수 | B9: =SUM('발주 상세'!$B$34:$B$36) -> 24 | C9: PC 연결 | D9: CANable → CAN Bus
A10: 필수 라인 수 | B10: =COUNTIFS('발주 상세'!$K$7:$K$30,"필수") -> 9 | C10: LIN 노드 | D10: Gateway Master / Door·Light Slave
A11: 선택 라인 수 | B11: =COUNTIFS('발주 상세'!$K$7:$K$30,"선택") -> 15 | C11: 인터페이스 리뷰 | D11: 상대 담당자 리뷰 필요
A13: 공급처별 요약 | G13: AliExpress 장바구니 조정
A14: 공급처 | B14: 라인 수 | C14: 주문수량 | D14: 상품 합계(원) | E14: 공급처 기준 합계(원) | G14: 항목 | H14: 금액(원) | I14: 산출·근거
A15: DeviceMart | B15: ='발주 상세'!$B$34 -> 16 | C15: ='발주 상세'!$C$34 -> 96 | D15: ='발주 상세'!$D$34 -> 177500 | E15: ='발주 상세'!$E$34 -> 195250 | G15: 총 상품 금액(할인 전) | H15: 128607 | I15: 장바구니 요약 표시
A16: AliExpress | B16: ='발주 상세'!$B$35 -> 7 | C16: ='발주 상세'!$C$35 -> 13 | D16: ='발주 상세'!$D$35 -> 115990 | E16: ='발주 상세'!$E$35 -> 115990 | G16: 상품 할인 | H16: -12617 | I16: 장바구니 요약 표시
A17: DigiKey | B17: ='발주 상세'!$B$36 -> 1 | C17: ='발주 상세'!$C$36 -> 7 | D17: ='발주 상세'!$D$36 -> 182093.66 | E17: ='발주 상세'!$E$36 -> 182093.66
A18: 전체 | B18: =SUM(B15:B17) -> 24 | C18: =SUM(C15:C17) -> 116 | D18: =SUM(D15:D17) -> 475583.66 | E18: =SUM(E15:E17) -> 493333.66 | G18: 상품 금액(할인 후) | H18: =SUM('발주 상세'!$H$23:$H$29) -> 115990 | I18: 발주 상세 AliExpress 품목 합계
G19: 배송 | H19: 5597 | I19: 장바구니 요약 표시
G20: 추가 할인 | H20: -1923 | I20: 장바구니 요약 표시
A21: 필수·선택 요약 | G21: 결제 예상액 | H21: =SUM(H18:H20) -> 119664 | I21: 상품 금액(할인 후) + 배송 + 추가 할인
A22: 구분 | B22: 라인 수 | C22: 상품 금액(원)
A23: 필수 | B23: =COUNTIFS('발주 상세'!$K$7:$K$30,A23) -> 9 | C23: =SUMIFS('발주 상세'!$H$7:$H$30,'발주 상세'!$K$7:$K$30,A23) -> 311393.66
A24: 선택 | B24: =COUNTIFS('발주 상세'!$K$7:$K$30,A24) -> 15 | C24: =SUMIFS('발주 상세'!$H$7:$H$30,'발주 상세'!$K$7:$K$30,A24) -> 164190
A25: 전체 | B25: =SUM(B23:B24) -> 24 | C25: =SUM(C23:C24) -> 475583.66
A28: 발주 판단 메모
A29: 필수: CAN/LIN 인터페이스, PC Diagnostic Tool 연결, 기본 프로토타이핑·검증에 필요한 품목.
A30: 선택: 실제 모터·액추에이터·디스플레이 연동 등 핸드북의 Stretch Goal 또는 예비·편의 품목.
A31: 주의: CAN/LIN 물리 부품의 최종 선정과 수량 변경은 상대 담당자 리뷰 필요.
A32: 가격: AliExpress는 2026-09-18 장바구니 캡처 기준이며 결제 시 변동 가능.

Sheet 발주 상세
A1: 발주 상세
A2: 원본 견적·장바구니에 표시된 품목을 한 표로 통합. DeviceMart 단가는 VAT 별도, AliExpress 단가는 장바구니 표시가 기준.
A4: 필수 | B4: 핵심 CAN/LIN·PC·검증 인프라 | K4: 선택 | L4: 물리 액추에이터·디스플레이·예비/확장
A6: 공급처 | B6: 원본 No. | C6: 품목 / 모델명 | D6: 주문수량 | E6: 단위 | F6: 구성 / 사양 | G6: 단가(원) | H6: 금액(원) | I6: VAT 계산율 | J6: VAT 포함 금액(원) | K6: 필수/선택 | L6: 프로젝트 사용처 / 용도 | M6: 비고 / 근거
A7: DeviceMart | B7: 1 | C7: 1/4W 1% Axial Resistor 121F (120Ω) | D7: 10 | E7: 개 | F7: 120Ω / CODE 1997 | G7: 40 | H7: =D7*G7 -> 400 | I7: 0.1 | J7: =H7*(1+I7) -> 440 | K7: 필수 | L7: CAN Bus 종단저항 | M7: CAN 버스 양 끝 2개 사용 + 예비. 디바이스마트 견적서
A8: DeviceMart | B8: 2 | C8: GA12-N20 소형 DC 기어드모터 12V 100RPM (VLT-MT042) | D8: 4 | E8: 개 | F8: 12V / 100RPM / CODE 15960949 | G8: 7200 | H8: =D8*G8 -> 28800 | I8: 0.1 | J8: =H8*(1+I8) -> 31680 | K8: 선택 | L8: 실제 Motor ECU·액추에이터 연동 | M8: Virtual Motor 기준의 물리 연동 확장. 디바이스마트 견적서
A9: DeviceMart | B9: 3 | C9: LY-03-OF DC 12V 도어락 전자 솔레노이드 ON-OFF | D9: 2 | E9: 개 | F9: DC 12V / CODE 14633383 | G9: 11000 | H9: =D9*G9 -> 22000 | I9: 0.1 | J9: =H9*(1+I9) -> 24200 | K9: 선택 | L9: Door ECU 잠금·해제 물리 시연 | M9: LIN Door 하드웨어 확장. 디바이스마트 견적서
A10: DeviceMart | B10: 4 | C10: V-J166-1C25 | D10: 8 | E10: 개 | F10: CODE 1327040 | G10: 900 | H10: =D10*G10 -> 7200 | I10: 0.1 | J10: =H10*(1+I10) -> 7920 | K10: 선택 | L10: 구동부 배선·제어 보조 | M10: 견적서에 모델명만 표기되어 정확 용도 확인 필요
A11: DeviceMart | B11: 5 | C11: [5PR3HD19] 원통 평면형 5파이 볼록형 LED (빨강) | D11: 10 | E11: 개 | F11: CODE 3218 | G11: 50 | H11: =D11*G11 -> 500 | I11: 0.1 | J11: =H11*(1+I11) -> 550 | K11: 선택 | L11: Light ECU 상태·램프 출력 표시 | M11: 물리 Light 하드웨어 확장. 디바이스마트 견적서
A12: DeviceMart | B12: 6 | C12: [5G3HT-10] 5파이 고휘도 LED 반투명 (녹색) | D12: 10 | E12: 개 | F12: CODE 2853 | G12: 70 | H12: =D12*G12 -> 700 | I12: 0.1 | J12: =H12*(1+I12) -> 770 | K12: 선택 | L12: Light ECU 상태·램프 출력 표시 | M12: 물리 Light 하드웨어 확장. 디바이스마트 견적서
A13: DeviceMart | B13: 7 | C13: [5Y3HT-10] 5파이 고휘도 LED 반투명 (노랑색) | D13: 10 | E13: 개 | F13: CODE 2852 | G13: 70 | H13: =D13*G13 -> 700 | I13: 0.1 | J13: =H13*(1+I13) -> 770 | K13: 선택 | L13: Light ECU 상태·램프 출력 표시 | M13: 물리 Light 하드웨어 확장. 디바이스마트 견적서
A14: DeviceMart | B14: 8 | C14: 1/4W 1% Axial Resistor 2R2F (2.2Ω) | D14: 10 | E14: 개 | F14: 2.2Ω / CODE 1968 | G14: 30 | H14: =D14*G14 -> 300 | I14: 0.1 | J14: =H14*(1+I14) -> 330 | K14: 선택 | L14: LED·구동 회로 시제품 보조 | M14: 회로 정격 확인 필요. 디바이스마트 견적서
A15: DeviceMart | B15: 9 | C15: DC 기어모터 6V 100RPM 0.5kg·cm | D15: 4 | E15: 개 | F15: 64020010 / CODE 1382440 | G15: 5300 | H15: =D15*G15 -> 21200 | I15: 0.1 | J15: =H15*(1+I15) -> 23320 | K15: 선택 | L15: 실제 Motor·Window 하드웨어 연동 | M15: 물리 액추에이터 확장. 디바이스마트 견적서
A16: DeviceMart | B16: 10 | C16: 3Amp 4V-16V DC Motor Driver (2 Channels) [MDD3A] | D16: 2 | E16: 개 | F16: MDD3A / CODE 13179309 | G16: 13100 | H16: =D16*G16 -> 26200 | I16: 0.1 | J16: =H16*(1+I16) -> 28820 | K16: 선택 | L16: 실제 모터 구동 테스트 | M16: 물리 Motor 확장. 디바이스마트 견적서
A17: DeviceMart | B17: 11 | C17: 어댑터 190~240V / 12V 5A | D17: 1 | E17: 개 | F17: DC 2.0~2.5mm / 외경 5.0~5.5mm / CODE 1218074 | G17: 7300 | H17: =D17*G17 -> 7300 | I17: 0.1 | J17: =H17*(1+I17) -> 8030 | K17: 선택 | L17: 12V 액추에이터 전원 | M17: 실제 하드웨어 연동 시 사용. 디바이스마트 견적서
A18: DeviceMart | B18: 12 | C18: LM2596S 강하형 DC/DC 변환 모듈 | D18: 1 | E18: 개 | F18: CODE 38305 | G18: 10000 | H18: =D18*G18 -> 10000 | I18: 0.1 | J18: =H18*(1+I18) -> 11000 | K18: 선택 | L18: 12V에서 보조 저전압 생성 | M18: 보조·예비 1개. 출력전압 조정 후 사용. 디바이스마트 견적서
... A29: AliExpress | B29: A7 | C29: 1000V 10A 디지털 멀티미터 테스트 리드 | D29: 1 | E29: 세트 | F29: 범용 측정 리드 | G29: 2800 | H29: =D29*G29 -> 2800 | I29: 0 | J29: =H29*(1+I29) -> 2800 | K29: 필수 | L29: 전원·출력전압·연속성 점검 | M29: 장바구니 이미지 2
A30: DigiKey | B30: D1 | C30: NUCLEO-F446RE STM32F446RE 평가보드 | D30: 7 | E30: 개 | F30: 497-15882-ND / NUCLEO-64 STM32F446RE EVAL BRD | G30: =18.82*기준·메모!$E$12 -> 26013.38 | H30: =D30*G30 -> 182093.66 | I30: 0 | J30: =H30*(1+I30) -> 182093.66 | K30: 필수 | L30: FreeRTOS CAN/LIN ECU 개발·검증 보드 | M30: DigiKey 장바구니 캡처 기준. 단가 US$18.82, 상품 합계 US$131.74. 배송비·관부가세 미포함
A32: 공급처별 소계
A33: 공급처 | B33: 라인 수 | C33: 주문수량 | D33: 상품 합계(원) | E33: VAT 포함 금액(원)
A34: DeviceMart | B34: =COUNTIFS($A$7:$A$30,A34) -> 16 | C34: =SUMIFS($D$7:$D$30,$A$7:$A$30,A34) -> 96 | D34: =SUMIFS($H$7:$H$30,$A$7:$A$30,A34) -> 177500 | E34: =SUMIFS($J$7:$J$30,$A$7:$A$30,A34) -> 195250
A35: AliExpress | B35: =COUNTIFS($A$7:$A$30,A35) -> 7 | C35: =SUMIFS($D$7:$D$30,$A$7:$A$30,A35) -> 13 | D35: =SUMIFS($H$7:$H$30,$A$7:$A$30,A35) -> 115990 | E35: =SUMIFS($J$7:$J$30,$A$7:$A$30,A35) -> 115990
A36: DigiKey | B36: =COUNTIFS($A$7:$A$30,A36) -> 1 | C36: =SUMIFS($D$7:$D$30,$A$7:$A$30,A36) -> 7 | D36: =SUMIFS($H$7:$H$30,$A$7:$A$30,A36) -> 182093.66 | E36: =SUMIFS($J$7:$J$30,$A$7:$A$30,A36) -> 182093.66
A37: 전체 | B37: =SUM(B34:B36) -> 24 | C37: =SUM(C34:C36) -> 116 | D37: =SUM(D34:D36) -> 475583.66 | E37: =SUM(E34:E36) -> 493333.66

Sheet 기준·메모
A1: 기준·메모
A2: 발주 분류와 금액 산출에 사용한 프로젝트 기준 및 원본 확인 사항
A4: 프로젝트 기준 | B4: 핸드북 기준 | D4: 원본 가격 기준 | E4: 금액 | F4: 근거
A5: CAN bitrate | B5: 500 kbps | D5: DeviceMart 공급가 | E5: 177500 | F5: 디바이스마트 견적서.pdf
A6: LIN bitrate | B6: 19.2 kbps | D6: DeviceMart VAT | E6: 17750 | F6: 견적서 VAT 10%
A7: CAN Node | B7: VCU / Motor / Gateway / Cluster | D7: DeviceMart VAT 포함 | E7: 195250 | F7: 견적서 합계
A8: LIN Node | B8: Gateway Master / Door Slave / Light Slave | D8: AliExpress 상품(할인 후) | E8: 115990 | F8: AliExpress 장바구니 이미지
A9: PC interface | B9: CANable → CAN Bus | D9: AliExpress 배송 | E9: 5597 | F9: 장바구니 요약
A10: Motor baseline | B10: Virtual Motor ECU. 실제 모터 연동은 Stretch Goal | D10: AliExpress 결제 예상 | E10: 119664 | F10: 장바구니 요약
D11: DigiKey 상품(배송 제외) | E11: =131.74*E12 -> 182093.66 | F11: DigiKey 장바구니 캡처: US$131.74
D12: USD/KRW 적용 환율 | E12: 1382.22 | F12: 2026-09-18 USD/KRW 종가 기준
A13: 필수·선택 분류 원칙
A14: 필수 | B14: 핵심 CAN/LIN 인터페이스, PC Diagnostic Tool 연결, 기본 프로토타이핑·검증에 필요한 품목 | C14: 핸드북의 기본 산출물·검증 경로 기준
A15: 선택 | B15: 실제 모터·액추에이터·디스플레이 등 물리 연동 확장 또는 예비·편의 품목 | C15: Virtual Motor baseline / Stretch Goal 기준
A18: 확인 필요·중복 제외 메모
A19: 1. SN65HVD230 5PCS 세트를 발주 대상으로 반영함. VLT-CAN002는 참고 이미지의 대체품이므로 중복 반영하지 않음.
A20: 2. SN65HVD230 구성 수량은 5개이며, CAN Node 4개(VCU·Motor·Gateway·Cluster) + 예비 1개로 메모함.
A21: 3. V-J166-1C25는 견적서에 모델명만 표시되어 정확 용도 확인 필요.
A22: 4. 15A ATO Fuse 상품 페이지는 현재 DeviceMart 견적서에 포함되지 않음. 부하·배선 정격 확인 후 별도 확정.
A23: 5. AliExpress 금액은 2026-09-18 장바구니 캡처 기준이며, 상품가·배송·할인은 결제 시 변동 가능.
A24: 6. CAN/LIN 물리 인터페이스 품목의 변경 또는 수량 확정은 상대 담당자 리뷰 필요.
